TermID	Name	Value	LogSize	Frequency	Uniqueness	Dispensability	Representative
GO:0006139	"nucleobase-containing compound metabolic process"	1.67086038046555	6.851645187818115	23.636924490908086	0.4620863770807718	0.43197943	null
GO:0006396	"RNA processing"	2.1435251554698	6.086076735055201	4.055292831628201	0.3588073249938633	0	null
GO:0009451	"RNA modification"	2.09663661982968	5.789904901949006	2.050454036972228	0.4257031285005857	0.48773393	null
GO:0032196	"transposition"	1.84446877598429	5.140319451670128	0.4594752776961755	0.981108953271065	0.01138242	null
GO:0043412	"macromolecule modification"	1.86189742269344	6.512374303850409	10.822311035682203	0.7053755248632876	0.21769409	null
GO:0055086	"nucleobase-containing small molecule metabolic process"	1.81004966993446	6.133233517547702	4.5204226165387285	0.5306377409275332	0.34956549	null
GO:1901657	"glycosyl compound metabolic process"	1.8795408	5.166776345625932	0.4883365477543757	0.9076690241816001	0.05094916	null
