TermID	Name	Value	LogSize	Frequency	Uniqueness	Dispensability	Representative
GO:0005975	"carbohydrate metabolic process"	-1.78600223911873	6.220115151808519	5.521546466478484	0.9002171984192283	0.07173764	null
GO:0008643	"carbohydrate transport"	-1.92561104013167	5.304509915487243	0.6705846414536847	0.8437765524040524	0.28602226	null
GO:0009056	"catabolic process"	-1.82819128986983	6.260468037413432	6.059177012419161	0.9368171975711341	0.0414943	null
GO:0009401	"phosphoenolpyruvate-dependent sugar phosphotransferase system"	-1.9697648622281	4.820378820405488	0.21994702591547136	0.779135472770454	0.47325313	null
GO:0015980	"energy derivation by oxidation of organic compounds"	-1.76596486610533	5.611345126683129	1.3592204656440126	0.7536061641152502	0.01093598	null
GO:0019318	"hexose metabolic process"	-1.73356243281217	5.315283743599112	0.6874284205910277	0.6494518623574994	0.03176108	null
GO:1901605	"alpha-amino acid metabolic process"	-1.72869670823169	6.029324108830442	3.5585210895822956	0.44955568922762157	0.38502853	null
GO:1902600	"proton transmembrane transport"	-1.955986	5.462790183366869	0.965460540320761	0.8119480209425091	0	null
